{
  "block1": {
    "GRU-AE": {
      "auc_mean": 0.7516087064985019,
      "auc_std": 0.0022092882853991507,
      "f1_mean": 0.5824443007397768,
      "f1_std": 0.0034261501431885346,
      "poi_replace_auc": 0.8745425055764562,
      "time_shift_auc": 0.4938950038237011,
      "splice_auc": 0.7459052909575435,
      "social_inconsist_auc": 0.8888455607656859
    },
    "LSTM-AE": {
      "auc_mean": 0.7370004298385222,
      "auc_std": 0.0005985840636817154,
      "f1_mean": 0.5508034426042342,
      "f1_std": 0.0006146818522853871,
      "poi_replace_auc": 0.8516991952188796,
      "time_shift_auc": 0.49521940375133155,
      "splice_auc": 0.7171287518809675,
      "social_inconsist_auc": 0.8736682313539211
    },
    "RADD": {
      "auc_mean": 0.7261861047464873,
      "auc_std": 0.002286913166800877,
      "f1_mean": 0.49102393190980026,
      "f1_std": 0.003377198031544595,
      "poi_replace_auc": 0.8220164589826698,
      "time_shift_auc": 0.533812430706497,
      "splice_auc": 0.6761958010055068,
      "social_inconsist_auc": 0.8475588503160084
    },
    "RADD-Adaptive": {
      "auc_mean": 0.7181258145811905,
      "auc_std": 0.0054854297009990565,
      "f1_mean": 0.49825549602577685,
      "f1_std": 0.0054138837962850305,
      "poi_replace_auc": 0.8091764456897055,
      "time_shift_auc": 0.5288946441879642,
      "splice_auc": 0.6663245182811891,
      "social_inconsist_auc": 0.8420768054428139
    },
    "Personal-only": {
      "auc_mean": 0.7506570331134844,
      "auc_std": 0.0011646021134081852,
      "f1_mean": 0.5786286665591048,
      "f1_std": 0.002154540003264887,
      "poi_replace_auc": 0.8717614629304169,
      "time_shift_auc": 0.4939396968944183,
      "splice_auc": 0.7465025371527938,
      "social_inconsist_auc": 0.8879186396863176
    },
    "Social-only": {
      "auc_mean": 0.6687415266616533,
      "auc_std": 0.0022455787540499295,
      "f1_mean": 0.47748499223417146,
      "f1_std": 0.0020912762980487853,
      "poi_replace_auc": 0.7282390403351847,
      "time_shift_auc": 0.5356282110054634,
      "splice_auc": 0.6073007016306925,
      "social_inconsist_auc": 0.7730842121271896
    },
    "Fusion (no disagree)": {
      "auc_mean": 0.7287048284461428,
      "auc_std": 0.002836949853695523,
      "f1_mean": 0.4922962019998452,
      "f1_std": 0.0052902702548580155,
      "poi_replace_auc": 0.8251380816379621,
      "time_shift_auc": 0.5336318366434438,
      "splice_auc": 0.6772536834824386,
      "social_inconsist_auc": 0.8529061765975015
    },
    "Fusion (fixed \u03b1)": {
      "auc_mean": 0.7261860012773346,
      "auc_std": 0.002286928180583269,
      "f1_mean": 0.49102393190980026,
      "f1_std": 0.003377198031544595,
      "poi_replace_auc": 0.8220164549986154,
      "time_shift_auc": 0.53381210821256,
      "splice_auc": 0.6761957513801723,
      "social_inconsist_auc": 0.8475588397507571
    },
    "Early Fusion": {
      "auc_mean": 0.47314219412056985,
      "auc_std": 0.054186162161245846,
      "f1_mean": 0.40230933093278437,
      "f1_std": 0.0005633468253625658,
      "poi_replace_auc": 0.4607069233384628,
      "time_shift_auc": 0.4971078288283774,
      "splice_auc": 0.44647869717574235,
      "social_inconsist_auc": 0.4754561584286899
    }
  },
  "block6": {
    "0-3": {
      "n_users": 2422,
      "GRU-AE": {
        "auc": 0.7728760337550518,
        "f1": 0.6314732142857142,
        "precision": 0.635016835016835,
        "recall": 0.6279689234184239
      },
      "RADD": {
        "auc": 0.7192332527507486,
        "f1": 0.5019939577039275,
        "precision": 0.5509283819628648,
        "recall": 0.46104328523862376
      },
      "RADD-Adaptive": {
        "auc": 0.7178563538533327,
        "f1": 0.5439261188728393,
        "precision": 0.582846993148947,
        "recall": 0.5098779134295227
      }
    },
    "3-5": {
      "n_users": 2547,
      "GRU-AE": {
        "auc": 0.758458823448598,
        "f1": 0.6201356285863329,
        "precision": 0.6666666666666666,
        "recall": 0.5796762239126194
      },
      "RADD": {
        "auc": 0.7196445447688484,
        "f1": 0.5007582869935726,
        "precision": 0.39759174311926604,
        "recall": 0.6762239126194656
      },
      "RADD-Adaptive": {
        "auc": 0.7074231046091819,
        "f1": 0.5176616036736136,
        "precision": 0.47297079231886396,
        "recall": 0.5716793446459918
      }
    },
    "5-10": {
      "n_users": 3234,
      "GRU-AE": {
        "auc": 0.7563050083671187,
        "f1": 0.6004082494544942,
        "precision": 0.6170428240740741,
        "recall": 0.5846470185058259
      },
      "RADD": {
        "auc": 0.7323617138625491,
        "f1": 0.49973226889938177,
        "precision": 0.38745471014492755,
        "recall": 0.7036326250856751
      },
      "RADD-Adaptive": {
        "auc": 0.7251409788979053,
        "f1": 0.5085891686788547,
        "precision": 0.5119444444444444,
        "recall": 0.5052775873886224
      }
    },
    "10-20": {
      "n_users": 2389,
      "GRU-AE": {
        "auc": 0.7518006890553691,
        "f1": 0.5829095247064733,
        "precision": 0.5673429479344904,
        "recall": 0.599354422207876
      },
      "RADD": {
        "auc": 0.7273329042907111,
        "f1": 0.48649821060622495,
        "precision": 0.41936991679910257,
        "recall": 0.5792123950936088
      },
      "RADD-Adaptive": {
        "auc": 0.7257769698273344,
        "f1": 0.49433939896864443,
        "precision": 0.4569362261669954,
        "recall": 0.5384118786313751
      }
    },
    "20+": {
      "n_users": 2281,
      "GRU-AE": {
        "auc": 0.7470832820522503,
        "f1": 0.560570541816621,
        "precision": 0.539738046795524,
        "recall": 0.5830757606978502
      },
      "RADD": {
        "auc": 0.731796840240177,
        "f1": 0.49920760697305866,
        "precision": 0.4055619930475087,
        "recall": 0.6490830414176798
      },
      "RADD-Adaptive": {
        "auc": 0.7251700895092723,
        "f1": 0.5006092157731502,
        "precision": 0.41938477242147265,
        "recall": 0.6208530805687204
      }
    }
  }
}