{
  "block1": {
    "GRU-AE": {
      "auc_mean": 0.6606615773690832,
      "auc_std": 0.01788598779937428,
      "f1_mean": 0.5239175267227076,
      "f1_std": 0.010239580609387488,
      "poi_replace_auc": 0.7263150667660074,
      "time_shift_auc": 0.4858876066680807,
      "splice_auc": 0.5378430698521907,
      "social_inconsist_auc": 0.8256166977740755
    },
    "LSTM-AE": {
      "auc_mean": 0.6873125055957324,
      "auc_std": 0.008831342155174405,
      "f1_mean": 0.5314801884430588,
      "f1_std": 0.0005554894587557872,
      "poi_replace_auc": 0.7901742067785399,
      "time_shift_auc": 0.4899933757804747,
      "splice_auc": 0.5579867505261552,
      "social_inconsist_auc": 0.8402679044227163
    },
    "RADD": {
      "auc_mean": 0.714024033726675,
      "auc_std": 0.0008451714957764286,
      "f1_mean": 0.548916545126018,
      "f1_std": 0.0016836214680492497,
      "poi_replace_auc": 0.8384455155875233,
      "time_shift_auc": 0.5002546087040032,
      "splice_auc": 0.5849226090311822,
      "social_inconsist_auc": 0.8614272306486646
    },
    "RADD-Adaptive": {
      "auc_mean": 0.6925639865438394,
      "auc_std": 0.009537302975193871,
      "f1_mean": 0.5027447995633302,
      "f1_std": 0.014862432643900228,
      "poi_replace_auc": 0.7631333809094113,
      "time_shift_auc": 0.576945699475509,
      "splice_auc": 0.5533878202147283,
      "social_inconsist_auc": 0.802793440283406
    },
    "Personal-only": {
      "auc_mean": 0.6746153579102446,
      "auc_std": 0.0129920618586982,
      "f1_mean": 0.5300747724433158,
      "f1_std": 0.0011985202811089953,
      "poi_replace_auc": 0.7588368684605228,
      "time_shift_auc": 0.4803940996249347,
      "splice_auc": 0.5669500328885134,
      "social_inconsist_auc": 0.8327187152579979
    },
    "Social-only": {
      "auc_mean": 0.7090115744529245,
      "auc_std": 0.00047944521216444546,
      "f1_mean": 0.5452727157491416,
      "f1_std": 0.0010273087314681224,
      "poi_replace_auc": 0.8367770508609141,
      "time_shift_auc": 0.4991046119029787,
      "splice_auc": 0.5782658909991022,
      "social_inconsist_auc": 0.8500945699379421
    },
    "Fusion (no disagree)": {
      "auc_mean": 0.7133426858032695,
      "auc_std": 0.0007669277340472173,
      "f1_mean": 0.548765584182349,
      "f1_std": 0.0016766740879796717,
      "poi_replace_auc": 0.8384803561425033,
      "time_shift_auc": 0.4982723961054316,
      "splice_auc": 0.5851106291899603,
      "social_inconsist_auc": 0.8608782906264599
    },
    "Fusion (fixed \u03b1)": {
      "auc_mean": 0.7140232862724255,
      "auc_std": 0.0008475987678031318,
      "f1_mean": 0.548916545126018,
      "f1_std": 0.0016836214680492497,
      "poi_replace_auc": 0.8384453150418141,
      "time_shift_auc": 0.5002527813407333,
      "splice_auc": 0.5849216721414837,
      "social_inconsist_auc": 0.8614270734161744
    },
    "Early Fusion": {
      "auc_mean": 0.4718170019005717,
      "auc_std": 0.12767195137780507,
      "f1_mean": 0.453458542129421,
      "f1_std": 0.025514467907174154,
      "poi_replace_auc": 0.4548495351203547,
      "time_shift_auc": 0.5163797210111747,
      "splice_auc": 0.394525891438936,
      "social_inconsist_auc": 0.4824182723425512
    }
  },
  "block6": {
    "0-3": {
      "n_users": 8655,
      "GRU-AE": {
        "auc": 0.6610899008516804,
        "f1": 0.562970656972215,
        "precision": 0.5061028479957314,
        "recall": 0.6342360414577064
      },
      "RADD": {
        "auc": 0.6854343989007712,
        "f1": 0.5552631578947368,
        "precision": 0.5045777534845586,
        "recall": 0.6172684720829155
      },
      "RADD-Adaptive": {
        "auc": 0.6106823251357435,
        "f1": 0.4636178702761912,
        "precision": 0.30263023493360575,
        "recall": 0.9905549983283183
      }
    },
    "3-5": {
      "n_users": 7685,
      "GRU-AE": {
        "auc": 0.6572572120047112,
        "f1": 0.5547485592484408,
        "precision": 0.4857932941583132,
        "recall": 0.6465176189161836
      },
      "RADD": {
        "auc": 0.718181997152727,
        "f1": 0.5675919038484125,
        "precision": 0.49400299850074963,
        "recall": 0.666942681019413
      },
      "RADD-Adaptive": {
        "auc": 0.6626158117705853,
        "f1": 0.5109652766240239,
        "precision": 0.4657378662830317,
        "recall": 0.5659214279142516
      }
    },
    "5-10": {
      "n_users": 9162,
      "GRU-AE": {
        "auc": 0.6620001194094627,
        "f1": 0.5412884987353073,
        "precision": 0.4532316738924603,
        "recall": 0.671812675432117
      },
      "RADD": {
        "auc": 0.7365059242452849,
        "f1": 0.5639529228674254,
        "precision": 0.5025715111239526,
        "recall": 0.6424139459299749
      },
      "RADD-Adaptive": {
        "auc": 0.7199741708048184,
        "f1": 0.5356025176693977,
        "precision": 0.5111066371384471,
        "recall": 0.562564632885212
      }
    },
    "10-20": {
      "n_users": 5810,
      "GRU-AE": {
        "auc": 0.6565671715107322,
        "f1": 0.5213207959763831,
        "precision": 0.42144961697112554,
        "recall": 0.6832250668704624
      },
      "RADD": {
        "auc": 0.7217514970025121,
        "f1": 0.5403150690479083,
        "precision": 0.4689630931458699,
        "recall": 0.6372755063049294
      },
      "RADD-Adaptive": {
        "auc": 0.7099547124446852,
        "f1": 0.5207500768521365,
        "precision": 0.48191498008615785,
        "recall": 0.5663928162017577
      }
    },
    "20+": {
      "n_users": 5147,
      "GRU-AE": {
        "auc": 0.648506117165484,
        "f1": 0.4882676546536432,
        "precision": 0.37151887920724413,
        "recall": 0.7120170268500328
      },
      "RADD": {
        "auc": 0.7106883195502,
        "f1": 0.5147587068561612,
        "precision": 0.41618263548664075,
        "recall": 0.6745252128356254
      },
      "RADD-Adaptive": {
        "auc": 0.6861577458831553,
        "f1": 0.48588838999358563,
        "precision": 0.4761156505342552,
        "recall": 0.4960707269155206
      }
    }
  }
}